<!DOCTYPE html>
<html class="client-nojs" lang="en" dir="ltr">
<head>
<meta charset="UTF-8"/>
<title>List of hospitals in New York - Wikipedia</title>
<script>document.documentElement.className = document.documentElement.className.replace( /(^|\s)client-nojs(\s|$)/, "$1client-js$2" );</script>
<script>(window.RLQ=window.RLQ||[]).push(function(){mw.config.set({"wgCanonicalNamespace":"","wgCanonicalSpecialPageName":false,"wgNamespaceNumber":0,"wgPageName":"List_of_hospitals_in_New_York","wgTitle":"List of hospitals in New York","wgCurRevisionId":743815929,"wgRevisionId":743815929,"wgArticleId":3479985,"wgIsArticle":true,"wgIsRedirect":false,"wgAction":"view","wgUserName":null,"wgUserGroups":["*"],"wgCategories":["Articles needing additional references from February 2014","All articles needing additional references","Commons category with local link same as on Wikidata","Hospitals in New York","Lists of hospitals in the United States","Lists of buildings and structures in New York"],"wgBreakFrames":false,"wgPageContentLanguage":"en","wgPageContentModel":"wikitext","wgSeparatorTransformTable":["",""],"wgDigitTransformTable":["",""],"wgDefaultDateFormat":"dmy","wgMonthNames":["","January","February","March","April","May","June","July","August","September","October","November","December"],"wgMonthNamesShort":["","Jan","Feb","Mar","Apr","May","Jun","Jul","Aug","Sep","Oct","Nov","Dec"],"wgRelevantPageName":"List_of_hospitals_in_New_York","wgRelevantArticleId":3479985,"wgRequestId":"WBTXXApAMFMAAHTToucAAABH","wgIsProbablyEditable":true,"wgRestrictionEdit":[],"wgRestrictionMove":[],"wgFlaggedRevsParams":{"tags":{"status":{"levels":1,"quality":2,"pristine":3}}},"wgStableRevisionId":null,"wgWikiEditorEnabledModules":{"toolbar":true,"dialogs":true,"preview":false,"publish":false},"wgBetaFeaturesFeatures":[],"wgMediaViewerOnClick":true,"wgMediaViewerEnabledByDefault":true,"wgVisualEditor":{"pageLanguageCode":"en","pageLanguageDir":"ltr","usePageImages":true,"usePageDescriptions":true},"wgPreferredVariant":"en","wgMFDisplayWikibaseDescriptions":{"search":true,"nearby":true,"watchlist":true,"tagline":false},"wgRelatedArticles":null,"wgRelatedArticlesUseCirrusSearch":true,"wgRelatedArticlesOnlyUseCirrusSearch":false,"wgULSCurrentAutonym":"English","wgNoticeProject":"wikipedia","wgCentralNoticeCookiesToDelete":[],"wgCentralNoticeCategoriesUsingLegacy":["Fundraising","fundraising"],"wgCategoryTreePageCategoryOptions":"{\"mode\":0,\"hideprefix\":20,\"showcount\":true,\"namespaces\":false}","wgWikibaseItemId":"Q6623648","wgCentralAuthMobileDomain":false,"wgVisualEditorToolbarScrollOffset":0,"wgEditSubmitButtonLabelPublish":false});mw.loader.state({"ext.globalCssJs.user.styles":"ready","ext.globalCssJs.site.styles":"ready","site.styles":"ready","noscript":"ready","user.styles":"ready","user.cssprefs":"ready","user":"ready","user.options":"loading","user.tokens":"loading","ext.cite.styles":"ready","wikibase.client.init":"ready","ext.visualEditor.desktopArticleTarget.noscript":"ready","ext.uls.interlanguage":"ready","ext.wikimediaBadges":"ready","mediawiki.legacy.shared":"ready","mediawiki.legacy.commonPrint":"ready","mediawiki.sectionAnchor":"ready","mediawiki.skinning.interface":"ready","skins.vector.styles":"ready","ext.globalCssJs.user":"ready","ext.globalCssJs.site":"ready"});mw.loader.implement("user.options@0j3lz3q",function($,jQuery,require,module){mw.user.options.set({"variant":"en"});});mw.loader.implement("user.tokens@1dqfd7l",function ( $, jQuery, require, module ) {
mw.user.tokens.set({"editToken":"+\\","patrolToken":"+\\","watchToken":"+\\","csrfToken":"+\\"});/*@nomin*/;

});mw.loader.load(["mediawiki.page.startup","mediawiki.legacy.wikibits","ext.centralauth.centralautologin","mmv.head","ext.visualEditor.desktopArticleTarget.init","ext.uls.interface","ext.quicksurveys.init","skins.vector.js"]);});</script>
<link rel="stylesheet" href="/w/load.php?debug=false&amp;lang=en&amp;modules=ext.cite.styles%7Cext.gadget.ReferenceTooltips%2Cfeatured-articles-links%2Cteahouse%7Cext.uls.interlanguage%7Cext.visualEditor.desktopArticleTarget.noscript%7Cext.wikimediaBadges%7Cmediawiki.legacy.commonPrint%2Cshared%7Cmediawiki.sectionAnchor%7Cmediawiki.skinning.interface%7Cskins.vector.styles%7Cwikibase.client.init&amp;only=styles&amp;skin=vector"/>
<script async="" src="/w/load.php?debug=false&amp;lang=en&amp;modules=startup&amp;only=scripts&amp;skin=vector"></script>
<meta name="ResourceLoaderDynamicStyles" content=""/>
<link rel="stylesheet" href="/w/load.php?debug=false&amp;lang=en&amp;modules=site.styles&amp;only=styles&amp;skin=vector"/>
<meta name="generator" content="MediaWiki 1.28.0-wmf.23"/>
<meta name="referrer" content="origin-when-cross-origin"/>
<link rel="alternate" href="android-app://org.wikipedia/http/en.m.wikipedia.org/wiki/List_of_hospitals_in_New_York"/>
<link rel="alternate" type="application/x-wiki" title="Edit this page" href="/w/index.php?title=List_of_hospitals_in_New_York&amp;action=edit"/>
<link rel="edit" title="Edit this page" href="/w/index.php?title=List_of_hospitals_in_New_York&amp;action=edit"/>
<link rel="apple-touch-icon" href="/static/apple-touch/wikipedia.png"/>
<link rel="shortcut icon" href="/static/favicon/wikipedia.ico"/>
<link rel="search" type="application/opensearchdescription+xml" href="/w/opensearch_desc.php" title="Wikipedia (en)"/>
<link rel="EditURI" type="application/rsd+xml" href="//en.wikipedia.org/w/api.php?action=rsd"/>
<link rel="copyright" href="//creativecommons.org/licenses/by-sa/3.0/"/>
<link rel="canonical" href="https://en.wikipedia.org/wiki/List_of_hospitals_in_New_York"/>
<link rel="dns-prefetch" href="//login.wikimedia.org"/>
<link rel="dns-prefetch" href="//meta.wikimedia.org" />
</head>
<body class="mediawiki ltr sitedir-ltr mw-hide-empty-elt ns-0 ns-subject page-List_of_hospitals_in_New_York rootpage-List_of_hospitals_in_New_York skin-vector action-view feature-footer-v2">		<div id="mw-page-base" class="noprint"></div>
		<div id="mw-head-base" class="noprint"></div>
		<div id="content" class="mw-body" role="main">
			<a id="top"></a>

							<div id="siteNotice"><!-- CentralNotice --></div>
						<div class="mw-indicators">
</div>
			<h1 id="firstHeading" class="firstHeading" lang="en">List of hospitals in New York</h1>
									<div id="bodyContent" class="mw-body-content">
									<div id="siteSub">From Wikipedia, the free encyclopedia</div>
								<div id="contentSub"></div>
												<div id="jump-to-nav" class="mw-jump">
					Jump to:					<a href="#mw-head">navigation</a>, 					<a href="#p-search">search</a>
				</div>
				<div id="mw-content-text" lang="en" dir="ltr" class="mw-content-ltr"><table class="plainlinks metadata ambox ambox-content ambox-Refimprove" role="presentation">
<tr>
<td class="mbox-image">
<div style="width:52px"><a href="/wiki/File:Question_book-new.svg" class="image"><img alt="" src="//upload.wikimedia.org/wikipedia/en/thumb/9/99/Question_book-new.svg/50px-Question_book-new.svg.png" width="50" height="39" srcset="//upload.wikimedia.org/wikipedia/en/thumb/9/99/Question_book-new.svg/75px-Question_book-new.svg.png 1.5x, //upload.wikimedia.org/wikipedia/en/thumb/9/99/Question_book-new.svg/100px-Question_book-new.svg.png 2x" data-file-width="512" data-file-height="399" /></a></div>
</td>
<td class="mbox-text"><span class="mbox-text-span">This article <b>needs additional citations for <a href="/wiki/Wikipedia:Verifiability" title="Wikipedia:Verifiability">verification</a></b>. <span class="hide-when-compact">Please help <a class="external text" href="//en.wikipedia.org/w/index.php?title=List_of_hospitals_in_New_York&amp;action=edit">improve this article</a> by <a href="/wiki/Help:Introduction_to_referencing_with_Wiki_Markup/1" title="Help:Introduction to referencing with Wiki Markup/1">adding citations to reliable sources</a>. Unsourced material may be challenged and removed.</span> <small><i>(February 2014)</i></small> <small class="hide-when-compact"><i>(<a href="/wiki/Help:Maintenance_template_removal" title="Help:Maintenance template removal">Learn how and when to remove this template message</a>)</i></small></span></td>
</tr>
</table>
<p><b>List of <a href="/wiki/Hospital" title="Hospital">hospitals</a> in <a href="/wiki/New_York_(state)" class="mw-redirect" title="New York (state)">New York</a></b> (<a href="/wiki/U.S._state" title="U.S. state">U.S. state</a>), sorted by hospital name. A <a href="/wiki/List_of_hospitals_in_New_York_City" title="List of hospitals in New York City">list of hospitals in New York City</a> is also available.</p>
<p></p>
<div id="toc" class="toc">
<div id="toctitle">
<h2>Contents</h2>
</div>
<ul>
<li class="toclevel-1 tocsection-1"><a href="#A_to_H"><span class="tocnumber">1</span> <span class="toctext">A to H</span></a></li>
<li class="toclevel-1 tocsection-2"><a href="#I_to_M"><span class="tocnumber">2</span> <span class="toctext">I to M</span></a></li>
<li class="toclevel-1 tocsection-3"><a href="#N_to_R"><span class="tocnumber">3</span> <span class="toctext">N to R</span></a></li>
<li class="toclevel-1 tocsection-4"><a href="#S_to_Z"><span class="tocnumber">4</span> <span class="toctext">S to Z</span></a></li>
<li class="toclevel-1 tocsection-5"><a href="#Health_Systems_In_New_York_State"><span class="tocnumber">5</span> <span class="toctext">Health Systems In New York State</span></a></li>
<li class="toclevel-1 tocsection-6"><a href="#References"><span class="tocnumber">6</span> <span class="toctext">References</span></a></li>
</ul>
</div>
<p></p>
<h2><span class="mw-headline" id="A_to_H">A to H</span><span class="mw-editsection"><span class="mw-editsection-bracket">[</span><a href="/w/index.php?title=List_of_hospitals_in_New_York&amp;action=edit&amp;section=1" title="Edit section: A to H">edit</a><span class="mw-editsection-bracket">]</span></span></h2>
<ul>
<li><a href="/w/index.php?title=A.O._Fox_Memorial_Hospital&amp;action=edit&amp;redlink=1" class="new" title="A.O. Fox Memorial Hospital (page does not exist)">A.O. Fox Memorial Hospital</a>; Oneonta</li>
<li><a href="/w/index.php?title=Adirondack_Medical_Center&amp;action=edit&amp;redlink=1" class="new" title="Adirondack Medical Center (page does not exist)">Adirondack Medical Center</a>, Lake Placid</li>
<li><a href="/w/index.php?title=Adirondack_Medical_Center&amp;action=edit&amp;redlink=1" class="new" title="Adirondack Medical Center (page does not exist)">Adirondack Medical Center</a>, Saranac Lake</li>
<li><a href="/wiki/Albany_Medical_Center" title="Albany Medical Center">Albany Medical Center</a>, <a href="/wiki/Albany,_New_York" title="Albany, New York">Albany</a></li>
<li><a href="/w/index.php?title=Albany_Memorial_Hospital&amp;action=edit&amp;redlink=1" class="new" title="Albany Memorial Hospital (page does not exist)">Albany Memorial Hospital</a>; Albany</li>
<li><a href="/w/index.php?title=Alice_Hyde_Medical_Center&amp;action=edit&amp;redlink=1" class="new" title="Alice Hyde Medical Center (page does not exist)">Alice Hyde Medical Center</a>; Malone</li>
<li><a href="/w/index.php?title=Amsterdam_Memorial_Hospital&amp;action=edit&amp;redlink=1" class="new" title="Amsterdam Memorial Hospital (page does not exist)">Amsterdam Memorial Hospital</a>; Amsterdam</li>
<li><a href="/w/index.php?title=Arden_Hill_Hospital&amp;action=edit&amp;redlink=1" class="new" title="Arden Hill Hospital (page does not exist)">Arden Hill Hospital</a>; Goshen</li>
<li><a href="/w/index.php?title=Arnot_Ogden_Medical_Center&amp;action=edit&amp;redlink=1" class="new" title="Arnot Ogden Medical Center (page does not exist)">Arnot Ogden Medical Center</a>; Elmira</li>
<li><a href="/w/index.php?title=Auburn_Community_Hospital&amp;action=edit&amp;redlink=1" class="new" title="Auburn Community Hospital (page does not exist)">Auburn Community Hospital</a>; Auburn</li>
<li><a href="/w/index.php?title=Bassett_Hospital_Of_Schoharie_County&amp;action=edit&amp;redlink=1" class="new" title="Bassett Hospital Of Schoharie County (page does not exist)">Bassett Hospital Of Schoharie County</a>; Cobleskill</li>
<li><a href="/w/index.php?title=Bath_Va_Medical_Center&amp;action=edit&amp;redlink=1" class="new" title="Bath Va Medical Center (page does not exist)">Bath Va Medical Center</a></li>
<li><a href="/wiki/Bayley_Seton" class="mw-redirect" title="Bayley Seton">Bayley Seton</a> Hospital; <a href="/wiki/Staten_Island" title="Staten Island">Staten Island</a></li>
<li><a href="/w/index.php?title=Beacon_Center&amp;action=edit&amp;redlink=1" class="new" title="Beacon Center (page does not exist)">Beacon Center</a>, <a href="/wiki/Buffalo,_New_York" title="Buffalo, New York">Buffalo</a></li>
<li><a href="/w/index.php?title=Behavioral_Health_Center_at_Westchester_Medical_Center&amp;action=edit&amp;redlink=1" class="new" title="Behavioral Health Center at Westchester Medical Center (page does not exist)">Behavioral Health Center at Westchester Medical Center</a>, <a href="/wiki/Valhalla,_New_York" title="Valhalla, New York">Valhalla</a></li>
<li><a href="/wiki/Bellevue_Hospital_Center" class="mw-redirect" title="Bellevue Hospital Center">Bellevue Hospital Center</a>, <a href="/wiki/New_York_City" title="New York City">New York</a></li>
<li><a href="/w/index.php?title=Bellevue_Women%27s_Hospital&amp;action=edit&amp;redlink=1" class="new" title="Bellevue Women's Hospital (page does not exist)">Bellevue Women's Hospital</a>, <a href="/wiki/Schenectady,_New_York" title="Schenectady, New York">Schenectady</a></li>
<li><a href="/w/index.php?title=Benedictine_Hospital&amp;action=edit&amp;redlink=1" class="new" title="Benedictine Hospital (page does not exist)">Benedictine Hospital</a>; Kingston</li>
<li><a href="/w/index.php?title=Bertrand_Chaffee_Hospital&amp;action=edit&amp;redlink=1" class="new" title="Bertrand Chaffee Hospital (page does not exist)">Bertrand Chaffee Hospital</a>; Springville</li>
<li><a href="/wiki/Beth_Israel_Medical_Center" class="mw-redirect" title="Beth Israel Medical Center">Beth Israel Medical Center</a>, <a href="/wiki/New_York_City" title="New York City">New York</a></li>
<li><a href="/wiki/United_Health_Services" title="United Health Services">UHS</a> <a href="/wiki/Binghamton_General_Hospital" class="mw-redirect" title="Binghamton General Hospital">Binghamton General Hospital</a>, <a href="/wiki/Binghamton,_New_York" title="Binghamton, New York">Binghamton</a></li>
<li><a href="/w/index.php?title=Binghamton_Psychiatric_Center&amp;action=edit&amp;redlink=1" class="new" title="Binghamton Psychiatric Center (page does not exist)">Binghamton Psychiatric Center</a>, <a href="/wiki/Binghamton,_New_York" title="Binghamton, New York">Binghamton</a></li>
<li><a href="/wiki/Blythedale_Children%27s_Hospital" title="Blythedale Children's Hospital">Blythedale Children's Hospital</a>, <a href="/wiki/Valhalla,_New_York" title="Valhalla, New York">Valhalla</a></li>
<li><a href="/w/index.php?title=Bronx_Psychiatric_Center&amp;action=edit&amp;redlink=1" class="new" title="Bronx Psychiatric Center (page does not exist)">Bronx Psychiatric Center</a></li>
<li><a href="/w/index.php?title=Bronx_Veterans_Administration_Medical_Center&amp;action=edit&amp;redlink=1" class="new" title="Bronx Veterans Administration Medical Center (page does not exist)">Bronx Veterans Administration Medical Center</a></li>
<li><a href="/wiki/Bronx-Lebanon_Hospital_Center" title="Bronx-Lebanon Hospital Center">Bronx-Lebanon Hospital Center</a>; Bronx</li>
<li><a href="/w/index.php?title=Brookdale_Hospital_Medical_Center&amp;action=edit&amp;redlink=1" class="new" title="Brookdale Hospital Medical Center (page does not exist)">Brookdale Hospital Medical Center</a>; Brooklyn</li>
<li><a href="/w/index.php?title=Brookhaven_Memorial_Hospital_Medical_Center_Inc&amp;action=edit&amp;redlink=1" class="new" title="Brookhaven Memorial Hospital Medical Center Inc (page does not exist)">Brookhaven Memorial Hospital Medical Center Inc</a>; Patchogue</li>
<li><a href="/w/index.php?title=Brooklyn_Campus_Of_The_VA_NY_Harbor_Healthcare_System&amp;action=edit&amp;redlink=1" class="new" title="Brooklyn Campus Of The VA NY Harbor Healthcare System (page does not exist)">Brooklyn Campus Of The VA NY Harbor Healthcare System</a></li>
<li><a href="/w/index.php?title=Brooklyn_Children%27s_Psychiatric_Center&amp;action=edit&amp;redlink=1" class="new" title="Brooklyn Children's Psychiatric Center (page does not exist)">Brooklyn Children's Psychiatric Center</a></li>
<li><a href="/wiki/Brooklyn_Hospital_Center" title="Brooklyn Hospital Center">Brooklyn Hospital Center</a>; Brooklyn</li>
<li><a href="/w/index.php?title=Brooks_Memorial_Hospital&amp;action=edit&amp;redlink=1" class="new" title="Brooks Memorial Hospital (page does not exist)">Brooks Memorial Hospital</a>; Dunkirk</li>
<li><a href="/wiki/Brunswick_Hospital_Center" title="Brunswick Hospital Center">Brunswick Hospital Center</a> Inc; <a href="/wiki/Amityville,_New_York" title="Amityville, New York">Amityville, New York</a></li>
<li><a href="/wiki/Buffalo_General_Hospital" class="mw-redirect" title="Buffalo General Hospital">Buffalo General Hospital</a>; <a href="/wiki/Buffalo,_New_York" title="Buffalo, New York">Buffalo</a></li>
<li><a href="/wiki/Buffalo_Niagara_Medical_Campus" title="Buffalo Niagara Medical Campus">Buffalo Niagara Medical Campus</a>, <a href="/wiki/Buffalo,_New_York" title="Buffalo, New York">Buffalo</a></li>
<li><a href="/wiki/Burke_Rehabilitation_Hospital" title="Burke Rehabilitation Hospital">Burke Rehabilitation Hospital</a>, <a href="/wiki/White_Plains,_New_York" title="White Plains, New York">White Plains</a></li>
<li><a href="/wiki/Calvary_Hospital,_Bronx" class="mw-redirect" title="Calvary Hospital, Bronx">Calvary Hospital, Bronx, NYC</a></li>
<li><a href="/w/index.php?title=Canandaigua_VA_Medical_Center&amp;action=edit&amp;redlink=1" class="new" title="Canandaigua VA Medical Center (page does not exist)">Canandaigua VA Medical Center</a></li>
<li><a href="/w/index.php?title=Canton-Potsdam_Hospital&amp;action=edit&amp;redlink=1" class="new" title="Canton-Potsdam Hospital (page does not exist)">Canton-Potsdam Hospital</a>; Potsdam</li>
<li><a href="/w/index.php?title=Capital_District_Psychiatric_Center&amp;action=edit&amp;redlink=1" class="new" title="Capital District Psychiatric Center (page does not exist)">Capital District Psychiatric Center</a></li>
<li><a href="/w/index.php?title=Carthage_Area_Hospital_Inc&amp;action=edit&amp;redlink=1" class="new" title="Carthage Area Hospital Inc (page does not exist)">Carthage Area Hospital Inc</a>; Carthage</li>
<li><a href="/w/index.php?title=Castle_Point_Campus_Of_The_VA_Hudson_Valley_Healthcare_System&amp;action=edit&amp;redlink=1" class="new" title="Castle Point Campus Of The VA Hudson Valley Healthcare System (page does not exist)">Castle Point Campus Of The VA Hudson Valley Healthcare System</a></li>
<li><a href="/w/index.php?title=Catskill_Regional_Medical_Center&amp;action=edit&amp;redlink=1" class="new" title="Catskill Regional Medical Center (page does not exist)">Catskill Regional Medical Center</a>, <a href="/wiki/Callicoon_(CDP),_New_York" title="Callicoon (CDP), New York">Callicoon</a></li>
<li><a href="/w/index.php?title=Catskill_Regional_Medical_Center&amp;action=edit&amp;redlink=1" class="new" title="Catskill Regional Medical Center (page does not exist)">Catskill Regional Medical Center</a>, Harris (near <a href="/wiki/Monticello,_New_York" title="Monticello, New York">Monticello</a>)</li>
<li><a href="/w/index.php?title=Cayuga_Medical_Center_at_Ithaca&amp;action=edit&amp;redlink=1" class="new" title="Cayuga Medical Center at Ithaca (page does not exist)">Cayuga Medical Center at Ithaca</a>, <a href="/wiki/Ithaca,_New_York" title="Ithaca, New York">Ithaca</a></li>
<li><a href="/w/index.php?title=Central_New_York_Psychiatric_Center&amp;action=edit&amp;redlink=1" class="new" title="Central New York Psychiatric Center (page does not exist)">Central New York Psychiatric Center</a></li>
<li><a href="/w/index.php?title=Central_Suffolk_Hospital&amp;action=edit&amp;redlink=1" class="new" title="Central Suffolk Hospital (page does not exist)">Central Suffolk Hospital</a>; Riverhead</li>
<li><a href="/wiki/CVPH_Medical_Center" title="CVPH Medical Center">Champlain Valley Physicians Hospital Medical Ctr</a>; <a href="/wiki/Plattsburgh,_NY" class="mw-redirect" title="Plattsburgh, NY">Plattsburgh</a></li>
<li><a href="/wiki/United_Health_Services" title="United Health Services">UHS</a> Chenango Memorial Hospital; Norwich</li>
<li><a href="/wiki/Children%27s_Hospital_of_Buffalo" class="mw-redirect" title="Children's Hospital of Buffalo">Children's Hospital of Buffalo</a>, <a href="/wiki/Buffalo,_New_York" title="Buffalo, New York">Buffalo</a></li>
<li><a href="/w/index.php?title=Claxton_-_Hepburn_Medical_Center&amp;action=edit&amp;redlink=1" class="new" title="Claxton - Hepburn Medical Center (page does not exist)">Claxton - Hepburn Medical Center</a></li>
<li><a href="/wiki/Clifton_Springs_Hospital_%26_Clinic" title="Clifton Springs Hospital &amp; Clinic">Clifton Springs Hospital &amp; Clinic</a>, <a href="/wiki/Clifton_Springs,_NY" class="mw-redirect" title="Clifton Springs, NY">Clifton Springs</a></li>
<li><a href="/w/index.php?title=Clifton-Fine_Hospital&amp;action=edit&amp;redlink=1" class="new" title="Clifton-Fine Hospital (page does not exist)">Clifton-Fine Hospital</a></li>
<li><a href="/wiki/Coler-Goldwater_Specialty_Hospital" class="mw-redirect" title="Coler-Goldwater Specialty Hospital">Coler-Goldwater Specialty Hospital</a>, <a href="/wiki/New_York_City" title="New York City">New York</a></li>
<li>Columbia Memorial Hospital; Hudson</li>
<li><a href="/w/index.php?title=Community_Hospital_at_Dobbs_Ferry&amp;action=edit&amp;redlink=1" class="new" title="Community Hospital at Dobbs Ferry (page does not exist)">Community Hospital at Dobbs Ferry</a>, <a href="/wiki/Dobbs_Ferry,_New_York" title="Dobbs Ferry, New York">Dobbs Ferry</a></li>
<li><a href="/w/index.php?title=Community_Memorial_Hospital_Inc&amp;action=edit&amp;redlink=1" class="new" title="Community Memorial Hospital Inc (page does not exist)">Community Memorial Hospital Inc</a>; Hamilton</li>
<li>Community General Hospital, Syracuse</li>
<li><a href="/wiki/Coney_Island_Hospital" class="mw-redirect" title="Coney Island Hospital">Coney Island Hospital</a>, <a href="/wiki/Brooklyn,_New_York" class="mw-redirect" title="Brooklyn, New York">Brooklyn</a></li>
<li><a href="/w/index.php?title=Corning_Hospital;_Corning&amp;action=edit&amp;redlink=1" class="new" title="Corning Hospital; Corning (page does not exist)">Corning Hospital; Corning</a></li>
<li><a href="/w/index.php?title=Cornwall_Hospital;_Cornwall&amp;action=edit&amp;redlink=1" class="new" title="Cornwall Hospital; Cornwall (page does not exist)">Cornwall Hospital; Cornwall</a> (Now: St. Lukes Cornwall Hospital- Cornwall Campus)</li>
<li><a href="/w/index.php?title=Cortland_Regional_Medical_Center&amp;action=edit&amp;redlink=1" class="new" title="Cortland Regional Medical Center (page does not exist)">Cortland Regional Medical Center</a>, <a href="/wiki/Cortland,_New_York" title="Cortland, New York">Cortland</a></li>
<li><a href="/wiki/Creedmoor_Psychiatric_Center" title="Creedmoor Psychiatric Center">Creedmoor Psychiatric Center</a>, <a href="/wiki/Queens_Village,_Queens" title="Queens Village, Queens">Queens Village, Queens</a></li>
<li><a href="/w/index.php?title=Crouse_Hospital&amp;action=edit&amp;redlink=1" class="new" title="Crouse Hospital (page does not exist)">Crouse Hospital</a>; Syracuse</li>
<li><a href="/w/index.php?title=Cuba_Memorial_Hospital&amp;action=edit&amp;redlink=1" class="new" title="Cuba Memorial Hospital (page does not exist)">Cuba Memorial Hospital</a></li>
<li><a href="/wiki/United_Health_Services" title="United Health Services">UHS</a> Delaware Valley Hospital; Walton</li>
<li><a href="/w/index.php?title=Eastern_Long_Island_Hospita&amp;action=edit&amp;redlink=1" class="new" title="Eastern Long Island Hospita (page does not exist)">Eastern Long Island Hospita</a>; Greenport</li>
<li><a href="/w/index.php?title=Eddy_Cohoes_Rehabilitation_Center&amp;action=edit&amp;redlink=1" class="new" title="Eddy Cohoes Rehabilitation Center (page does not exist)">Eddy Cohoes Rehabilitation Center</a>; Cohoes</li>
<li><a href="/w/index.php?title=Edward_John_Noble_Hospital_Of_Gouverneur&amp;action=edit&amp;redlink=1" class="new" title="Edward John Noble Hospital Of Gouverneur (page does not exist)">Edward John Noble Hospital Of Gouverneur</a>; Gouverneur</li>
<li><a href="/w/index.php?title=Edward_John_Noble_Hospital&amp;action=edit&amp;redlink=1" class="new" title="Edward John Noble Hospital (page does not exist)">Edward John Noble Hospital</a>; Alexandria Bay</li>
<li><a href="/w/index.php?title=Elizabethtown_Community_Hospital&amp;action=edit&amp;redlink=1" class="new" title="Elizabethtown Community Hospital (page does not exist)">Elizabethtown Community Hospital</a></li>
<li><a href="/w/index.php?title=Ellenville_Regional_Hospital&amp;action=edit&amp;redlink=1" class="new" title="Ellenville Regional Hospital (page does not exist)">Ellenville Regional Hospital</a>; Ellenville</li>
<li><a href="/w/index.php?title=Ellis_Hospital&amp;action=edit&amp;redlink=1" class="new" title="Ellis Hospital (page does not exist)">Ellis Hospital</a>, <a href="/wiki/Schenectady,_New_York" title="Schenectady, New York">Schenectady</a></li>
<li><a href="/wiki/Elmhurst_Hospital_Center" class="mw-redirect" title="Elmhurst Hospital Center">Elmhurst Hospital Center</a>, <a href="/wiki/Queens,_New_York" class="mw-redirect" title="Queens, New York">Queens</a></li>
<li><a href="/w/index.php?title=Elmira_Psychiatric_Center&amp;action=edit&amp;redlink=1" class="new" title="Elmira Psychiatric Center (page does not exist)">Elmira Psychiatric Center</a></li>
<li><a href="/wiki/Erie_County_Medical_Center" title="Erie County Medical Center">Erie County Medical Center</a>; Buffalo</li>
<li><a href="/w/index.php?title=F_F_Thompson_Hospital&amp;action=edit&amp;redlink=1" class="new" title="F F Thompson Hospital (page does not exist)">F F Thompson Hospital</a>; Canandaigua</li>
<li><a href="/wiki/Faxton_St._Luke%27s_Healthcare" title="Faxton St. Luke's Healthcare">Faxton St. Luke's Healthcare</a>; New Hartford and Utica</li>
<li><a href="/w/index.php?title=FDR_Campus_Of_The_VA_Hudson_Valley_Healthcare_System&amp;action=edit&amp;redlink=1" class="new" title="FDR Campus Of The VA Hudson Valley Healthcare System (page does not exist)">FDR Campus Of The VA Hudson Valley Healthcare System</a>, Melrose</li>
<li><a href="/w/index.php?title=Forest_Hills_Hospital&amp;action=edit&amp;redlink=1" class="new" title="Forest Hills Hospital (page does not exist)">Forest Hills Hospital</a>, <a href="/wiki/Northwell_Health" title="Northwell Health">Northwell Health</a> System.</li>
<li><a href="/w/index.php?title=Flushing_Hospital_Medical_Center&amp;action=edit&amp;redlink=1" class="new" title="Flushing Hospital Medical Center (page does not exist)">Flushing Hospital Medical Center</a>, Queens</li>
<li><a href="/w/index.php?title=Four_Winds_Hospital&amp;action=edit&amp;redlink=1" class="new" title="Four Winds Hospital (page does not exist)">Four Winds Hospital</a>, <a href="/wiki/Katonah,_New_York" title="Katonah, New York">Katonah, New York</a></li>
<li><a href="/w/index.php?title=Franklin_Hospital_Medical_Center_(Northwell_Health_System)&amp;action=edit&amp;redlink=1" class="new" title="Franklin Hospital Medical Center (Northwell Health System) (page does not exist)">Franklin Hospital Medical Center (Northwell Health System)</a>; Valley Stream</li>
<li>Fulton Medical Center (Oswego Health System); Fulton</li>
<li><a href="/w/index.php?title=Geneva_General_Hospital&amp;action=edit&amp;redlink=1" class="new" title="Geneva General Hospital (page does not exist)">Geneva General Hospital</a>; Geneva</li>
<li><a href="/wiki/Glens_Falls_Hospital" title="Glens Falls Hospital">Glens Falls Hospital</a>, <a href="/wiki/Glens_Falls,_New_York" title="Glens Falls, New York">Glens Falls</a></li>
<li><a href="/w/index.php?title=Goldwater_Memorial_Hospital_And_Nursing_Home&amp;action=edit&amp;redlink=1" class="new" title="Goldwater Memorial Hospital And Nursing Home (page does not exist)">Goldwater Memorial Hospital And Nursing Home</a></li>
<li><a href="/wiki/Good_Samaritan_Hospital_(Suffern)" class="mw-redirect" title="Good Samaritan Hospital (Suffern)">Good Samaritan Hospital (Suffern)</a>, <a href="/wiki/Suffern,_New_York" title="Suffern, New York">Suffern</a></li>
<li><a href="/wiki/Good_Samaritan_Hospital_(West_Islip)" class="mw-redirect" title="Good Samaritan Hospital (West Islip)">Good Samaritan Hospital (West Islip)</a>, <a href="/wiki/West_Islip,_New_York" title="West Islip, New York">West Islip</a></li>
<li><a href="/wiki/Gracie_Square_Hospital" title="Gracie Square Hospital">Gracie Square Hospital</a>, <a href="/wiki/New_York_City" title="New York City">New York</a></li>
<li><a href="/wiki/Harlem_Hospital_Center" title="Harlem Hospital Center">Harlem Hospital Center</a>, <a href="/wiki/New_York_City" title="New York City">New York</a></li>
<li><a href="/w/index.php?title=Helen_Hayes_Hospital&amp;action=edit&amp;redlink=1" class="new" title="Helen Hayes Hospital (page does not exist)">Helen Hayes Hospital</a>; <a href="/wiki/West_Haverstraw,_New_York" title="West Haverstraw, New York">West Haverstraw, New York</a></li>
<li><a href="/wiki/Highland_Hospital_(Rochester,_New_York)" title="Highland Hospital (Rochester, New York)">Highland Hospital</a>; Rochester</li>
<li><a href="/w/index.php?title=Horton_Medical_Center&amp;action=edit&amp;redlink=1" class="new" title="Horton Medical Center (page does not exist)">Horton Medical Center</a>; Middletown</li>
<li><a href="/wiki/Hospital_for_Joint_Diseases" class="mw-redirect" title="Hospital for Joint Diseases">Hospital for Joint Diseases</a>, <a href="/wiki/New_York_City" title="New York City">New York</a></li>
<li><a href="/wiki/Hospital_for_Special_Surgery" title="Hospital for Special Surgery">Hospital for Special Surgery</a>, <a href="/wiki/New_York_City" title="New York City">New York</a></li>
<li><a href="/wiki/Hudson_River_Psychiatric_Center" title="Hudson River Psychiatric Center">Hudson River Psychiatric Center</a></li>
<li><a href="/wiki/Hudson_Valley_Hospital" title="Hudson Valley Hospital">Hudson Valley Hospital</a>, <a href="/wiki/Cortlandt_Manor,_New_York" title="Cortlandt Manor, New York">Cortlandt Manor</a></li>
<li><a href="/w/index.php?title=Huntington_Hospital,_NY&amp;action=edit&amp;redlink=1" class="new" title="Huntington Hospital, NY (page does not exist)">Huntington Hospital (Northwell Health System)</a>, Long Island</li>
<li><a href="/w/index.php?title=Hutchings_Psychiatric_Center&amp;action=edit&amp;redlink=1" class="new" title="Hutchings Psychiatric Center (page does not exist)">Hutchings Psychiatric Center</a></li>
</ul>
<h2><span class="mw-headline" id="I_to_M">I to M</span><span class="mw-editsection"><span class="mw-editsection-bracket">[</span><a href="/w/index.php?title=List_of_hospitals_in_New_York&amp;action=edit&amp;section=2" title="Edit section: I to M">edit</a><span class="mw-editsection-bracket">]</span></span></h2>
<ul>
<li>Inter-Community Memorial Hospital At Newfane Inc; Newfane</li>
<li>Interfaith Medical Center/Jewish Hosp Med Ctr Of Brooklyn Div; Brooklyn</li>
<li>Interfaith Medical Center/St Johns Episcopal Hospital Div; Brooklyn</li>
<li>Ira Davenport Memorial Hospital Inc; Bath</li>
<li>Island Medical Center; Hempstead</li>
<li><a href="/wiki/Jacobi_Medical_Center" title="Jacobi Medical Center">Jacobi Medical Center</a>, <a href="/wiki/Bronx,_New_York" class="mw-redirect" title="Bronx, New York">The Bronx</a></li>
<li>Jamaica Hospital Medical Center; Jamaica</li>
<li><a href="/w/index.php?title=Jewish_Memorial_Hospital&amp;action=edit&amp;redlink=1" class="new" title="Jewish Memorial Hospital (page does not exist)">Jewish Memorial Hospital</a>; Inwood<sup id="cite_ref-1" class="reference"><a href="#cite_note-1">[1]</a></sup></li>
<li><a href="/w/index.php?title=John_T._Mather_Memorial_Hospital&amp;action=edit&amp;redlink=1" class="new" title="John T. Mather Memorial Hospital (page does not exist)">John T. Mather Memorial Hospital</a>, <a href="/wiki/Port_Jefferson,_New_York" title="Port Jefferson, New York">Port Jefferson</a></li>
<li>Jones Memorial Hlth Ctr; Jamestown</li>
<li>Jones Memorial Hosp; Wellsville</li>
<li>Kaleida Health Buffalo General Hospital</li>
<li>Kenmore Mercy Hospital; Kenmore</li>
<li><a href="/wiki/Kings_County_Hospital_Center" class="mw-redirect" title="Kings County Hospital Center">Kings County Hospital Center</a>, <a href="/wiki/Brooklyn,_New_York" class="mw-redirect" title="Brooklyn, New York">Brooklyn</a></li>
<li>Kingsboro Psychiatric Center</li>
<li><a href="/wiki/Kingsbrook_Jewish_Medical_Center" title="Kingsbrook Jewish Medical Center">Kingsbrook Jewish Medical Center</a>; Brooklyn</li>
<li>Kingston Hospital; Kingston</li>
<li>Kirby Forensic Psychiatric Center</li>
<li>Lake Shore Hospital Inc; Irving</li>
<li><a href="/w/index.php?title=Lakeside_Memorial_Hospital&amp;action=edit&amp;redlink=1" class="new" title="Lakeside Memorial Hospital (page does not exist)">Lakeside Memorial Hospital</a>, <a href="/wiki/Brockport,_New_York" title="Brockport, New York">Brockport</a></li>
<li><a href="/wiki/Lawrence_Hospital_Center" class="mw-redirect" title="Lawrence Hospital Center">Lawrence Hospital Center</a>, <a href="/wiki/Bronxville,_New_York" title="Bronxville, New York">Bronxville</a></li>
<li><a href="/wiki/Lenox_Hill_Hospital" title="Lenox Hill Hospital">Lenox Hill Hospital</a> (Northwell Health System), <a href="/wiki/New_York,_New_York" class="mw-redirect" title="New York, New York">New York</a></li>
<li>Lewis County General Hospital; Lowville</li>
<li><a href="/wiki/Lincoln_Hospital_(Bronx,_New_York)" class="mw-redirect" title="Lincoln Hospital (Bronx, New York)">Lincoln Hospital (Bronx, New York)</a></li>
<li>Little Falls Hospital; Little Falls</li>
<li><a href="/w/index.php?title=Lockport_Memorial_Hospital&amp;action=edit&amp;redlink=1" class="new" title="Lockport Memorial Hospital (page does not exist)">Lockport Memorial Hospital</a>, <a href="/wiki/Lockport_(city),_New_York" title="Lockport (city), New York">Lockport</a></li>
<li>Long Beach Medical Center; Long Beach</li>
<li><a href="/wiki/University_Hospital_of_Brooklyn_at_Long_Island_College_Hospital" title="University Hospital of Brooklyn at Long Island College Hospital">Long Island College Hospital</a>, <a href="/wiki/Brooklyn,_New_York" class="mw-redirect" title="Brooklyn, New York">Brooklyn</a></li>
<li><a href="/wiki/Long_Island_Jewish_Medical_Center" title="Long Island Jewish Medical Center">Long Island Jewish Medical Center</a> (Northwell Health System), <a href="/wiki/New_Hyde_Park,_New_York" title="New Hyde Park, New York">New Hyde Park</a></li>
<li><a href="/wiki/Lutheran_Medical_Center" title="Lutheran Medical Center">Lutheran Medical Center</a>, <a href="/wiki/Brooklyn,_New_York" class="mw-redirect" title="Brooklyn, New York">Brooklyn</a></li>
</ul>
<div class="thumb tright">
<div class="thumbinner" style="width:222px;"><a href="/wiki/File:LMC_EXT.JPG" class="image"><img alt="" src="//upload.wikimedia.org/wikipedia/en/thumb/f/f1/LMC_EXT.JPG/220px-LMC_EXT.JPG" width="220" height="179" class="thumbimage" srcset="//upload.wikimedia.org/wikipedia/en/thumb/f/f1/LMC_EXT.JPG/330px-LMC_EXT.JPG 1.5x, //upload.wikimedia.org/wikipedia/en/thumb/f/f1/LMC_EXT.JPG/440px-LMC_EXT.JPG 2x" data-file-width="1885" data-file-height="1536" /></a>
<div class="thumbcaption">
<div class="magnify"><a href="/wiki/File:LMC_EXT.JPG" class="internal" title="Enlarge"></a></div>
Lutheran Medical Center</div>
</div>
</div>
<ul>
<li><a href="/wiki/Maimonides_Medical_Center" title="Maimonides Medical Center">Maimonides Medical Center</a>; Brooklyn</li>
<li><a href="/wiki/Manhattan_Eye,_Ear_and_Throat_Hospital" title="Manhattan Eye, Ear and Throat Hospital">Manhattan Eye, Ear and Throat Hospital</a>, <a href="/wiki/New_York_City" title="New York City">New York</a></li>
<li><a href="/wiki/Margaretville,_New_York" title="Margaretville, New York">Margaretville</a> Memorial Hospital</li>
<li><a href="/w/index.php?title=Maria_Fareri_Children%27s_Hospital_at_Westchester_Medical_Center&amp;action=edit&amp;redlink=1" class="new" title="Maria Fareri Children's Hospital at Westchester Medical Center (page does not exist)">Maria Fareri Children's Hospital at Westchester Medical Center</a>, <a href="/wiki/Valhalla,_New_York" title="Valhalla, New York">Valhalla</a></li>
<li>Mary Imogene Bassett Hospital; Cooperstown</li>
<li>Massena Memorial Hospital; Massena</li>
<li><a href="/wiki/Matteawan_State_Hospital_for_the_Criminally_Insane" title="Matteawan State Hospital for the Criminally Insane">Matteawan State Hospital</a></li>
<li>Medina Memorial Hospital; Medina</li>
<li><a href="/wiki/Memorial_Sloan-Kettering_Cancer_Center" class="mw-redirect" title="Memorial Sloan-Kettering Cancer Center">Memorial Sloan-Kettering Cancer Center</a>, <a href="/wiki/New_York_City" title="New York City">New York</a></li>
<li>Mercy Community Hospital; Port Jervis (Now Bon Secures Hospital)</li>
<li>Mercy Hospital; Buffalo</li>
<li>Mercy Medical Center; Rockville Centre</li>
<li><a href="/wiki/New_York_Methodist_Hospital" title="New York Methodist Hospital">Methodist Hospital</a>, <a href="/wiki/Brooklyn,_New_York" class="mw-redirect" title="Brooklyn, New York">Brooklyn</a></li>
<li><a href="/wiki/Metropolitan_Hospital_Center" title="Metropolitan Hospital Center">Metropolitan Hospital Center</a>, <a href="/wiki/New_York_City" title="New York City">New York</a></li>
<li><a href="/w/index.php?title=Metropolitan_Medical_and_Mental_Health_Center&amp;action=edit&amp;redlink=1" class="new" title="Metropolitan Medical and Mental Health Center (page does not exist)">Metropolitan Medical and Mental Health Center</a>, <a href="/wiki/New_York_City" title="New York City">New York</a></li>
<li>MidHudson Regional Hospital of <a href="/wiki/Westchester_Medical_Center" title="Westchester Medical Center">Westchester Medical Center</a>, <a href="/wiki/Poughkeepsie,_NY" class="mw-redirect" title="Poughkeepsie, NY">Poughkeepsie, NY</a> (formerly St. Francis Hospital)</li>
<li>Mid-Hudson Psychiatric Center</li>
<li>Millard Fillmore Hospital; Buffalo (Closed in 2012 - became part of the Medical Campus attached to Buffalo General Hospital)</li>
<li>Millard Fillmore Suburban Hospital, <a href="/wiki/Amherst,_New_York" title="Amherst, New York">Amherst</a></li>
<li>Mohawk Valley Psychiatric Center</li>
<li><a href="/w/index.php?title=Monroe_Community_Hospital&amp;action=edit&amp;redlink=1" class="new" title="Monroe Community Hospital (page does not exist)">Monroe Community Hospital</a>, <a href="/wiki/Rochester,_New_York" title="Rochester, New York">Rochester</a> MCH</li>
</ul>
<div class="thumb tright">
<div class="thumbinner" style="width:222px;"><a href="/wiki/File:Rochester_NY_Monroe_Community_Hospital_2001.jpg" class="image"><img alt="" src="//upload.wikimedia.org/wikipedia/commons/thumb/a/aa/Rochester_NY_Monroe_Community_Hospital_2001.jpg/220px-Rochester_NY_Monroe_Community_Hospital_2001.jpg" width="220" height="147" class="thumbimage" srcset="//upload.wikimedia.org/wikipedia/commons/thumb/a/aa/Rochester_NY_Monroe_Community_Hospital_2001.jpg/330px-Rochester_NY_Monroe_Community_Hospital_2001.jpg 1.5x, //upload.wikimedia.org/wikipedia/commons/thumb/a/aa/Rochester_NY_Monroe_Community_Hospital_2001.jpg/440px-Rochester_NY_Monroe_Community_Hospital_2001.jpg 2x" data-file-width="1536" data-file-height="1024" /></a>
<div class="thumbcaption">
<div class="magnify"><a href="/wiki/File:Rochester_NY_Monroe_Community_Hospital_2001.jpg" class="internal" title="Enlarge"></a></div>
Monroe Community Hospital in Rochester</div>
</div>
</div>
<ul>
<li><a href="/wiki/Montefiore_Medical_Center" title="Montefiore Medical Center">Montefiore Medical Center</a>, <a href="/wiki/Bronx,_New_York" class="mw-redirect" title="Bronx, New York">The Bronx</a></li>
<li><a href="/wiki/Mount_Sinai_Hospital,_New_York" class="mw-redirect" title="Mount Sinai Hospital, New York">Mount Sinai Hospital</a>, <a href="/wiki/New_York_City" title="New York City">New York</a></li>
<li><a href="/wiki/Mount_Saint_Mary%27s_Hospital" title="Mount Saint Mary's Hospital">Mount Saint Mary's Hospital</a>, <a href="/wiki/Lewiston,_New_York" class="mw-redirect" title="Lewiston, New York">Lewiston, New York</a></li>
<li><a href="/w/index.php?title=Mount_Vernon_Hospital,_New_York&amp;action=edit&amp;redlink=1" class="new" title="Mount Vernon Hospital, New York (page does not exist)">Mount Vernon Hospital</a>, <a href="/wiki/Mount_Vernon,_New_York" title="Mount Vernon, New York">Mount Vernon</a></li>
</ul>
<h2><span class="mw-headline" id="N_to_R">N to R</span><span class="mw-editsection"><span class="mw-editsection-bracket">[</span><a href="/w/index.php?title=List_of_hospitals_in_New_York&amp;action=edit&amp;section=3" title="Edit section: N to R">edit</a><span class="mw-editsection-bracket">]</span></span></h2>
<div class="thumb tright">
<div class="thumbinner" style="width:222px;"><a href="/wiki/File:EyeEar.jpg" class="image"><img alt="" src="//upload.wikimedia.org/wikipedia/commons/thumb/2/29/EyeEar.jpg/220px-EyeEar.jpg" width="220" height="177" class="thumbimage" srcset="//upload.wikimedia.org/wikipedia/commons/thumb/2/29/EyeEar.jpg/330px-EyeEar.jpg 1.5x, //upload.wikimedia.org/wikipedia/commons/thumb/2/29/EyeEar.jpg/440px-EyeEar.jpg 2x" data-file-width="1940" data-file-height="1560" /></a>
<div class="thumbcaption">
<div class="magnify"><a href="/wiki/File:EyeEar.jpg" class="internal" title="Enlarge"></a></div>
New York Eye and Ear Infirmary</div>
</div>
</div>
<div class="thumb tright">
<div class="thumbinner" style="width:222px;"><a href="/wiki/File:Nor_Cen_Bx_Hosp_jeh.JPG" class="image"><img alt="" src="//upload.wikimedia.org/wikipedia/commons/thumb/d/d0/Nor_Cen_Bx_Hosp_jeh.JPG/220px-Nor_Cen_Bx_Hosp_jeh.JPG" width="220" height="148" class="thumbimage" srcset="//upload.wikimedia.org/wikipedia/commons/thumb/d/d0/Nor_Cen_Bx_Hosp_jeh.JPG/330px-Nor_Cen_Bx_Hosp_jeh.JPG 1.5x, //upload.wikimedia.org/wikipedia/commons/thumb/d/d0/Nor_Cen_Bx_Hosp_jeh.JPG/440px-Nor_Cen_Bx_Hosp_jeh.JPG 2x" data-file-width="2332" data-file-height="1572" /></a>
<div class="thumbcaption">
<div class="magnify"><a href="/wiki/File:Nor_Cen_Bx_Hosp_jeh.JPG" class="internal" title="Enlarge"></a></div>
North Central Bronx Hospital</div>
</div>
</div>
<ul>
<li><a href="/wiki/Nassau_University_Medical_Center" title="Nassau University Medical Center">Nassau University Medical Center</a>; <a href="/wiki/East_Meadow" class="mw-redirect" title="East Meadow">East Meadow</a></li>
<li>Nathan Littauer Hospital; Gloversville</li>
<li>Nathan S. Kline Institute</li>
<li><a href="/wiki/Rochester_Regional_Health#Newark-Wayne_Community_Hospital" title="Rochester Regional Health">Newark-Wayne Community Hospital</a>, <a href="/w/index.php?title=Newark_New_York&amp;action=edit&amp;redlink=1" class="new" title="Newark New York (page does not exist)">Newark</a></li>
<li>New York Community Hospital Of Brooklyn, Inc; Brooklyn</li>
<li>New York Flushing Hosp Medical Center; Flushing</li>
<li><a href="/wiki/New_York_Hospital_Queens" class="mw-redirect" title="New York Hospital Queens">New York Hospital Queens</a>; <a href="/wiki/Flushing,_Queens" title="Flushing, Queens">Flushing, Queens</a></li>
<li><a href="/wiki/New_York_Methodist_Hospital" title="New York Methodist Hospital">New York Methodist Hospital</a>; Brooklyn</li>
<li><a href="/wiki/New_York_Presbyterian_Hospital" class="mw-redirect" title="New York Presbyterian Hospital">New York Presbyterian Hospital</a>; New York</li>
<li>New York Psychiatric Institute</li>
<li><a href="/wiki/New_York_Downtown_Hospital" class="mw-redirect" title="New York Downtown Hospital">New York Downtown Hospital</a>, <a href="/wiki/New_York_City" title="New York City">New York</a></li>
<li><a href="/wiki/New_York_University_Tisch_Hospital" class="mw-redirect" title="New York University Tisch Hospital">New York University Tisch Hospital</a>, <a href="/wiki/New_York_City" title="New York City">New York</a></li>
<li>New York United Hospital Medical Center <a href="/wiki/Port_Chester,_New_York" title="Port Chester, New York">Port Chester, New York</a>. Closed in 2005.</li>
<li><a href="/wiki/New_York_Eye_and_Ear_Infirmary" title="New York Eye and Ear Infirmary">New York Eye and Ear Infirmary</a>, <a href="/wiki/New_York_City" title="New York City">New York</a></li>
<li>Niagara Falls Memorial Medical Center; Niagara Falls</li>
<li><a href="/wiki/Nicholas_H_Noyes_Memorial_Hospital" title="Nicholas H Noyes Memorial Hospital">Nicholas H Noyes Memorial Hospital</a>; Dansville</li>
<li><a href="/wiki/North_Central_Bronx_Hospital" class="mw-redirect" title="North Central Bronx Hospital">North Central Bronx Hospital</a>, <a href="/wiki/Bronx,_New_York" class="mw-redirect" title="Bronx, New York">The Bronx</a></li>
<li><a href="/wiki/North_Shore_University_Hospital" title="North Shore University Hospital">North Shore University Hospital</a> (Northwell Health System), <a href="/wiki/Manhasset,_New_York" title="Manhasset, New York">Manhasset</a></li>
<li>Northern Dutchess Hospital; Rhinebeck</li>
<li><a href="/wiki/Northern_Westchester_Hospital" title="Northern Westchester Hospital">Northern Westchester Hospital</a>, <a href="/wiki/Mount_Kisco,_New_York" title="Mount Kisco, New York">Mount Kisco</a></li>
<li>Northport VA Medical Center</li>
<li>NY Campus Of The VA NY Harbor Healthcare System</li>
<li>NY Eye And Ear Infirmary; New York</li>
<li>NY Flushing Hosp Med Ctr North Div; Flushing</li>
<li>Nyack Hearing Center;</li>
<li>Nyack Hospital; <a href="/wiki/Nyack,_New_York" title="Nyack, New York">Nyack, New York</a></li>
<li><a href="/wiki/NYU_Downtown_Hospital" class="mw-redirect" title="NYU Downtown Hospital">NYU Downtown Hospital</a>; New York</li>
<li>NYU Hospitals Center; New York</li>
<li>O'Connor Hospital</li>
<li>Olean General Hospital/Main; Olean</li>
<li>Olean General Hospital/West; Olean</li>
<li>Oneida Healthcare Center; Oneida</li>
<li><a href="/wiki/ORBIS_International" class="mw-redirect" title="ORBIS International">ORBIS International</a>, <a href="/wiki/New_York_City" title="New York City">New York</a></li>
<li>Orange Regional Medical Center, Middletown</li>
<li>Oswego Hospital (Oswego Health System); Oswego</li>
<li>Our Lady Of Lourdes Memorial Hospital Inc, <a href="/wiki/Binghamton,_New_York" title="Binghamton, New York">Binghamton</a></li>
<li>Our Lady Of Mercy Medical Center; Bronx</li>
<li>Our Lady Of Victory Hospital Of Lackawanna; Lackawanna</li>
<li><a href="/w/index.php?title=Peconic_Bay_Medical_Center&amp;action=edit&amp;redlink=1" class="new" title="Peconic Bay Medical Center (page does not exist)">Peconic Bay Medical Center</a> (formerly Central Suffolk Hospital), <a href="/wiki/Riverhead,_New_York" class="mw-redirect" title="Riverhead, New York">Riverhead</a></li>
<li><a href="/w/index.php?title=Phelps_Memorial_Hospital_Center&amp;action=edit&amp;redlink=1" class="new" title="Phelps Memorial Hospital Center (page does not exist)">Phelps Memorial Hospital Center</a>, <a href="/wiki/Sleepy_Hollow,_New_York" title="Sleepy Hollow, New York">Sleepy Hollow</a></li>
<li>Pilgrim Psychiatric Center</li>
<li><a href="/wiki/Plainview_Hospital" title="Plainview Hospital">Plainview Hospital</a> (Northwell Health System); <a href="/wiki/Plainview,_NY" class="mw-redirect" title="Plainview, NY">Plainview</a> also known as Northwell University Hospital Plainview</li>
<li>Putnam Hospital Center; Carmel</li>
<li>Queens Children's Psychiatric Center</li>
<li>Queens Hospital Center; Jamaica</li>
<li><a href="/wiki/Queens_Hospital_Center" class="mw-redirect" title="Queens Hospital Center">Queens Hospital Center</a>, <a href="/wiki/Queens,_New_York" class="mw-redirect" title="Queens, New York">Queens</a></li>
</ul>
<div class="thumb tright">
<div class="thumbinner" style="width:222px;"><a href="/wiki/File:RGHHospital.jpg" class="image"><img alt="" src="//upload.wikimedia.org/wikipedia/commons/thumb/2/2d/RGHHospital.jpg/220px-RGHHospital.jpg" width="220" height="110" class="thumbimage" srcset="//upload.wikimedia.org/wikipedia/commons/thumb/2/2d/RGHHospital.jpg/330px-RGHHospital.jpg 1.5x, //upload.wikimedia.org/wikipedia/commons/thumb/2/2d/RGHHospital.jpg/440px-RGHHospital.jpg 2x" data-file-width="496" data-file-height="247" /></a>
<div class="thumbcaption">
<div class="magnify"><a href="/wiki/File:RGHHospital.jpg" class="internal" title="Enlarge"></a></div>
Rochester General Hospital, Rochester NY</div>
</div>
</div>
<ul>
<li><a href="/wiki/Rochester_Regional_Health#Rochester_General_Hospital" title="Rochester Regional Health">Rochester General Hospital</a>, <a href="/wiki/Rochester,_New_York" title="Rochester, New York">Rochester, New York</a></li>
<li>Rochester Psychiatric Center</li>
<li>Rockefeller University Hospital; New York</li>
<li>Rockland Children's Psychiatric Center</li>
<li>Rockland Psychiatric Center</li>
<li>Rome Memorial Hospital, Inc; Rome</li>
<li>Roswell Park Cancer Institute; Buffalo</li>
<li><a href="/w/index.php?title=Rye_Hospital_Center&amp;action=edit&amp;redlink=1" class="new" title="Rye Hospital Center (page does not exist)">Rye Hospital Center</a>, <a href="/wiki/Rye_(city),_New_York" class="mw-redirect" title="Rye (city), New York">Rye</a></li>
</ul>
<h2><span class="mw-headline" id="S_to_Z">S to Z</span><span class="mw-editsection"><span class="mw-editsection-bracket">[</span><a href="/w/index.php?title=List_of_hospitals_in_New_York&amp;action=edit&amp;section=4" title="Edit section: S to Z">edit</a><span class="mw-editsection-bracket">]</span></span></h2>
<ul>
<li>Sagamore Children's Psychiatric Center</li>
<li><a href="/w/index.php?title=Saint_Joseph%27s_Medical_Center&amp;action=edit&amp;redlink=1" class="new" title="Saint Joseph's Medical Center (page does not exist)">Saint Joseph's Medical Center</a>, <a href="/wiki/Yonkers,_New_York" title="Yonkers, New York">Yonkers</a></li>
<li>Samaritan Hospital; Troy</li>
<li>Samaritan Medical Center/Samaritan Med Ctr - Stone St Div; <a href="/wiki/Watertown_(city),_New_York" title="Watertown (city), New York">Watertown (city), New York</a></li>
<li>Samaritan Medical Center; <a href="/wiki/Watertown_(city),_New_York" title="Watertown (city), New York">Watertown (city), New York</a></li>
<li>Samuel S Stratton Albany VA Medical Center</li>
<li><a href="/w/index.php?title=Saratoga_Hospital&amp;action=edit&amp;redlink=1" class="new" title="Saratoga Hospital (page does not exist)">Saratoga Hospital</a>, <a href="/wiki/Saratoga_Springs,_New_York" title="Saratoga Springs, New York">Saratoga Springs</a></li>
<li>Schuyler Hospital; Montour Falls</li>
<li>Seton Health System-St Mary's Campus; Troy</li>
<li>Sheehan Memorial Hospital; Buffalo</li>
<li>Sisters Of Charity Bayley Seton</li>
<li>Sisters Of Charity Hospital; Buffalo</li>
<li>Sisters Of Charity St Vincents Hospital Campus</li>
<li>Soldiers And Sailors Memorial Hospital Of Yates County Inc; Penn Yan</li>
<li>Sound Shore Medical Ctr Of Westchester; New Rochelle</li>
<li>South Beach Psychiatric Center</li>
<li><a href="/wiki/South_Nassau_Communities_Hospital" title="South Nassau Communities Hospital">South Nassau Communities Hospital</a>; Oceanside</li>
<li>Southampton Hospital; Southampton</li>
<li>Southside Hospital, Bay Shore (Northwell Health System)</li>
<li>St Agnes Hospital; White Plains</li>
<li>St Anthony Community Hospital; Warwick</li>
</ul>
<div class="thumb tright">
<div class="thumbinner" style="width:222px;"><a href="/wiki/File:Barnabas_Hospital_183_St_3_Av_rain_jeh.jpg" class="image"><img alt="" src="//upload.wikimedia.org/wikipedia/commons/thumb/a/a7/Barnabas_Hospital_183_St_3_Av_rain_jeh.jpg/220px-Barnabas_Hospital_183_St_3_Av_rain_jeh.jpg" width="220" height="138" class="thumbimage" srcset="//upload.wikimedia.org/wikipedia/commons/thumb/a/a7/Barnabas_Hospital_183_St_3_Av_rain_jeh.jpg/330px-Barnabas_Hospital_183_St_3_Av_rain_jeh.jpg 1.5x, //upload.wikimedia.org/wikipedia/commons/thumb/a/a7/Barnabas_Hospital_183_St_3_Av_rain_jeh.jpg/440px-Barnabas_Hospital_183_St_3_Av_rain_jeh.jpg 2x" data-file-width="2403" data-file-height="1502" /></a>
<div class="thumbcaption">
<div class="magnify"><a href="/wiki/File:Barnabas_Hospital_183_St_3_Av_rain_jeh.jpg" class="internal" title="Enlarge"></a></div>
St Barnabas</div>
</div>
</div>
<ul>
<li>St Barnabas Hospital; Bronx</li>
<li>St Catherine Of Siena Medical Center; Smithtown</li>
<li><a href="/wiki/St._Charles_Hospital" class="mw-redirect" title="St. Charles Hospital">St. Charles Hospital</a>, <a href="/wiki/Port_Jefferson,_New_York" title="Port Jefferson, New York">Port Jefferson</a></li>
<li><a rel="nofollow" class="external text" href="http://www.stemc.org/about-us/">St Elizabeth Medical Center</a> / An affiliate of <a rel="nofollow" class="external text" href="http://mvhealthsystem.org/">Mohawk Valley Health System</a>; <a rel="nofollow" class="external text" href="http://www.cityofutica.com/">Utica, NY</a></li>
<li>St Francis Hospital Beacon Div; Beacon</li>
<li>St Francis Hospital; Roslyn</li>
<li>St James Mercy Hospital - Mercycare; North Hornell</li>
<li>St James Mercy Hospital; Hornell</li>
<li>St Jerome Hospital</li>
<li>St John's Episcopal Hospital At/Community Hospital Of Smithtown; Smithtown</li>
<li>St Johns Episcopal Hospital/So Shore; Far Rockaway</li>
<li><a href="/w/index.php?title=St._John%27s_Riverside_Hospital&amp;action=edit&amp;redlink=1" class="new" title="St. John's Riverside Hospital (page does not exist)">St. John's Riverside Hospital</a>, <a href="/wiki/Yonkers,_New_York" title="Yonkers, New York">Yonkers</a></li>
<li>St Joseph Hospital Of Cheektowaga/New York; Cheektowaga</li>
<li><a rel="nofollow" class="external text" href="https://www.sjhsyr.org/">St Joseph's Hospital Health Center</a> / <a rel="nofollow" class="external text" href="http://www.sjhsyr.org/sjhealth#.VfTgRxHBzGc">St. Joseph's Health</a>; <a rel="nofollow" class="external text" href="http://www.syrgov.net/home.aspx">Syracuse, NY</a></li>
<li>St Joseph's Hospital; Elmira</li>
<li>St Joseph Hospital; Bethpage</li>
<li>St Lukes Hospital; Newburgh (Now: St. Lukes Cornwall Hospital- Newburgh Campus)</li>
<li><a href="/wiki/St._Luke%27s-Roosevelt_Hospital_Center" class="mw-redirect" title="St. Luke's-Roosevelt Hospital Center">St. Luke's-Roosevelt Hospital Center</a>, <a href="/wiki/New_York_City" title="New York City">New York</a></li>
<li>St Marys Healthcare, Amsterdam, New York www.smha.org</li>
<li><a href="/w/index.php?title=St._Mary%27s_Hospital_(Troy,_New_York)&amp;action=edit&amp;redlink=1" class="new" title="St. Mary's Hospital (Troy, New York) (page does not exist)">St. Mary's Hospital</a> (also known as Seton Health), <a href="/wiki/Troy,_New_York" title="Troy, New York">Troy</a></li>
<li><a href="/w/index.php?title=St._Peter%27s_Hospital_(Albany,_New_York)&amp;action=edit&amp;redlink=1" class="new" title="St. Peter's Hospital (Albany, New York) (page does not exist)">St. Peter's Hospital</a>, <a href="/wiki/Albany,_New_York" title="Albany, New York">Albany</a></li>
<li><a href="/w/index.php?title=St._Vincent%27s_Hospital_Westchester&amp;action=edit&amp;redlink=1" class="new" title="St. Vincent's Hospital Westchester (page does not exist)">St. Vincent's Hospital Westchester</a>, <a href="/wiki/Harrison,_New_York" title="Harrison, New York">Harrison</a></li>
<li>Staten Island University Hospital, North Campus (Northwell Health System)</li>
<li>Staten Island University Hospital, South Campus (Northwell Health System)</li>
<li><a href="/wiki/Stony_Brook_University_Hospital" title="Stony Brook University Hospital">Stony Brook University Hospital</a>, <a href="/wiki/Stony_Brook,_New_York" title="Stony Brook, New York">Stony Brook</a></li>
<li><a href="/wiki/Strong_Memorial_Hospital" title="Strong Memorial Hospital">Strong Memorial Hospital</a>, <a href="/wiki/Rochester,_New_York" title="Rochester, New York">Rochester</a></li>
<li><a href="/wiki/State_University_of_New_York_Downstate_Medical_Center" class="mw-redirect" title="State University of New York Downstate Medical Center">State University of New York Downstate Medical Center</a>, <a href="/wiki/Brooklyn,_New_York" class="mw-redirect" title="Brooklyn, New York">Brooklyn</a></li>
<li><a href="/w/index.php?title=Sound_Shore_Medical_Center_of_Westchester&amp;action=edit&amp;redlink=1" class="new" title="Sound Shore Medical Center of Westchester (page does not exist)">Sound Shore Medical Center of Westchester</a>, <a href="/wiki/New_Rochelle,_New_York" title="New Rochelle, New York">New Rochelle</a></li>
<li>Summit Park Hospital-Rockland County Infirmary; Pomona</li>
<li>Sunnyview Hospital And Rehabilitation Center; Schenectady</li>
<li>Syosset Hospital (Northwell Health System), Syosset NY also known as Northwell Syosset</li>
<li>Syracuse VA Medical Center</li>
<li>Tri-County Memorial Hospital; Gowanda. Rendered unusable by August 2009 flood. Demolished 2012.</li>
<li><a href="/wiki/United_Memorial_Medical_Center" title="United Memorial Medical Center">United Memorial Medical Center</a>, <a href="/wiki/Batavia,_New_York" title="Batavia, New York">Batavia</a></li>
<li><a href="/wiki/Unity_Hospital" title="Unity Hospital">Unity Hospital</a>, <a href="/wiki/Rochester,_New_York" title="Rochester, New York">Rochester</a></li>
<li>University Hospital Of Brooklyn; Brooklyn</li>
<li><a href="/wiki/University_of_Rochester_Medical_Center" title="University of Rochester Medical Center">University of Rochester Medical Center</a>, <a href="/wiki/Rochester,_New_York" title="Rochester, New York">Rochester</a></li>
<li>University Hospital; Stony Brook</li>
<li><a href="/wiki/Upstate_University_Hospital" class="mw-redirect" title="Upstate University Hospital">Upstate University Hospital</a>, <a href="/wiki/Syracuse,_New_York" title="Syracuse, New York">Syracuse</a></li>
<li>Vassar Brothers Hospital, <a href="/wiki/Poughkeepsie,_New_York" title="Poughkeepsie, New York">Poughkeepsie</a> (Now <a href="/w/index.php?title=Vassar_Brothers_Medical_Center&amp;action=edit&amp;redlink=1" class="new" title="Vassar Brothers Medical Center (page does not exist)">Vassar Brothers Medical Center</a>)</li>
<li>Westchester Square Medical Center; Bronx</li>
<li><a href="/wiki/Westchester_Medical_Center" title="Westchester Medical Center">Westchester Medical Center</a>, <a href="/wiki/Valhalla,_New_York" title="Valhalla, New York">Valhalla</a></li>
<li>Western Ny Children's Psychiatric Center</li>
<li>Western New York VA Health Care System; Buffalo</li>
<li>Westfield Memorial Hospital Inc; Westfield</li>
<li><a href="/wiki/White_Plains_Hospital" title="White Plains Hospital">White Plains Hospital</a>, <a href="/wiki/White_Plains,_New_York" title="White Plains, New York">White Plains</a></li>
<li><a href="/wiki/United_Health_Services" title="United Health Services">UHS</a> Wilson Medical Center; Johnson City</li>
<li><a href="/wiki/Winthrop-University_Hospital" class="mw-redirect" title="Winthrop-University Hospital">Winthrop-University Hospital</a>, <a href="/wiki/Mineola,_New_York" title="Mineola, New York">Mineola</a></li>
<li>Woman's Christian Association; Jamestown</li>
<li><a href="/wiki/Woodhull_Medical_and_Mental_Health_Center" class="mw-redirect" title="Woodhull Medical and Mental Health Center">Woodhull Medical and Mental Health Center</a>, <a href="/wiki/Brooklyn,_New_York" class="mw-redirect" title="Brooklyn, New York">Brooklyn</a></li>
<li>Wyckoff Heights Medical Center; Brooklyn</li>
<li>Wyoming County Community Hospital; Warsaw</li>
<li>Yonkers General Hospital; Yonkers</li>
</ul>
<h2><span class="mw-headline" id="Health_Systems_In_New_York_State">Health Systems In New York State</span><span class="mw-editsection"><span class="mw-editsection-bracket">[</span><a href="/w/index.php?title=List_of_hospitals_in_New_York&amp;action=edit&amp;section=5" title="Edit section: Health Systems In New York State">edit</a><span class="mw-editsection-bracket">]</span></span></h2>
<ul>
<li>Cayuga Health System
<ul>
<li>Finger Lakes Region Based</li>
<li>2 Hospitals (Cayuga Medical Center, Schuyler Hospital)</li>
</ul>
</li>
<li>Mount Sinai Health System
<ul>
<li>Based in Manhattan</li>
<li>Hospitals in Manhattan, Brooklyn, and Queens</li>
<li>7 Hospitals (Beth Israel Medical Center, Beth Israel-Brooklyn, Mount Sinai Medical Center, Mount Sinai Queens, New York Eye and Ear Infirmary, Mount Sinai West, St. Luke's Medical Center)</li>
</ul>
</li>
<li>East End Health Alliance
<ul>
<li>Based in Riverhead</li>
<li>3 Hospitals (Easter Long Island Hospital, Southampton Hospital, Peconic Bay Medical Center)</li>
</ul>
</li>
<li>Health Quest System
<ul>
<li>Mid-Hudson Valley Based</li>
<li>3 Hospitals (Northern Dutchess Hospital,Putnam Hospital Center, Vassar brothers Medical Center)</li>
</ul>
</li>
<li>Medisys
<ul>
<li>Based in Queens</li>
<li>3 Hospitals (Jamaica Hospital, Flushing Hospital, Brookdale Hospital)</li>
</ul>
</li>
<li>New York Presbyterian Health System
<ul>
<li>Based in Manhattan</li>
<li>Hospitals in Manhattan, Queens, Bronx, Brooklyn, Westchester County</li>
</ul>
</li>
<li>Northwell Health System
<ul>
<li>Based in Nassau</li>
<li>15 Hospitals in Manhattan, Nassau, Queens, Staten Island, Suffolk Counties</li>
</ul>
</li>
<li>Oswego Health System
<ul>
<li>Based in Oswego NY</li>
<li>2 Hospitals (Oswego Hospital, Fulton Medical Center)</li>
</ul>
</li>
<li>Catholic Health Services of Long Island
<ul>
<li>Based in Rockville Centre, NY</li>
<li>6 Hospitals in Nassau and Suffolk Counties</li>
</ul>
</li>
<li>St. Peter's Health Partners
<ul>
<li>Based in Troy, NY</li>
<li>4 Hospitals in Albany, Rensselaer and Saratoga Counties</li>
</ul>
</li>
<li>Rochester Regional Health System
<ul>
<li>Based in Rochester, NY</li>
<li>4 Hospitals in Monroe, Wayne, Ontario and Genesee Counties</li>
</ul>
</li>
<li>Finger lakes Health
<ul>
<li>Based in Geneva, NY</li>
<li>2 Hospitals in Ontario and Yates Counties</li>
</ul>
</li>
<li>URMC (University of Rochester Medical center)
<ul>
<li>Based in Rochester, NY</li>
<li>6 Hospitals in Monroe, Ontario, Allegany and Livingston Counties</li>
</ul>
</li>
</ul>
<h2><span class="mw-headline" id="References">References</span><span class="mw-editsection"><span class="mw-editsection-bracket">[</span><a href="/w/index.php?title=List_of_hospitals_in_New_York&amp;action=edit&amp;section=6" title="Edit section: References">edit</a><span class="mw-editsection-bracket">]</span></span></h2>
<table role="presentation" class="mbox-small plainlinks sistersitebox" style="border:1px solid #aaa;background-color:#f9f9f9">
<tr>
<td class="mbox-image"><a href="/wiki/File:Commons-logo.svg" class="image"><img alt="" src="//upload.wikimedia.org/wikipedia/en/thumb/4/4a/Commons-logo.svg/30px-Commons-logo.svg.png" width="30" height="40" class="noviewer" srcset="//upload.wikimedia.org/wikipedia/en/thumb/4/4a/Commons-logo.svg/45px-Commons-logo.svg.png 1.5x, //upload.wikimedia.org/wikipedia/en/thumb/4/4a/Commons-logo.svg/59px-Commons-logo.svg.png 2x" data-file-width="1024" data-file-height="1376" /></a></td>
<td class="mbox-text plainlist">Wikimedia Commons has media related to <i><b><a href="https://commons.wikimedia.org/wiki/Category:Hospitals_in_New_York" class="extiw" title="commons:Category:Hospitals in New York">Hospitals in New York</a></b></i>.</td>
</tr>
</table>
<div class="reflist" style="list-style-type: decimal;">
<ol class="references">
<li id="cite_note-1"><span class="mw-cite-backlink"><b><a href="#cite_ref-1">^</a></b></span> <span class="reference-text"><a rel="nofollow" class="external text" href="http://www.nytimes.com/1983/08/18/nyregion/jewish-memorial-hospital-shuts-after-6-shaky-years.html">New York Times: "JEWISH MEMORIAL HOSPITAL SHUTS AFTER 6 SHAKY Years" by Ronald Sullivan</a> August 18, 1983</span></li>
</ol>
</div>
<div role="navigation" class="navbox" aria-labelledby="Hospitals_in_the_United_States" style="text-align:left;;padding:3px">
<table class="nowraplinks hlist collapsible autocollapse navbox-inner" style="border-spacing:0;background:transparent;color:inherit">
<tr>
<th scope="col" class="navbox-title" colspan="2">
<div class="plainlinks hlist navbar mini">
<ul>
<li class="nv-view"><a href="/wiki/Template:Hospitals_in_the_United_States" title="Template:Hospitals in the United States"><abbr title="View this template" style=";;background:none transparent;border:none;">v</abbr></a></li>
<li class="nv-talk"><a href="/wiki/Template_talk:Hospitals_in_the_United_States" title="Template talk:Hospitals in the United States"><abbr title="Discuss this template" style=";;background:none transparent;border:none;">t</abbr></a></li>
<li class="nv-edit"><a class="external text" href="//en.wikipedia.org/w/index.php?title=Template:Hospitals_in_the_United_States&amp;action=edit"><abbr title="Edit this template" style=";;background:none transparent;border:none;">e</abbr></a></li>
</ul>
</div>
<div id="Hospitals_in_the_United_States" style="font-size:114%"><a href="/wiki/Lists_of_hospitals_in_the_United_States" title="Lists of hospitals in the United States">Hospitals in the United States</a></div>
</th>
</tr>
<tr style="height:2px">
<td colspan="2"></td>
</tr>
<tr>
<th scope="row" class="navbox-group" style="text-align:right; vertical-align:top;"><a href="/wiki/U.S._state" title="U.S. state">States</a></th>
<td class="navbox-list navbox-odd" style="text-align:left;border-left-width:2px;border-left-style:solid;width:100%;padding:0px">
<div style="padding:0em 0.25em">
<ul>
<li><a href="/wiki/List_of_hospitals_in_Alabama" title="List of hospitals in Alabama">Alabama</a></li>
<li><a href="/wiki/List_of_hospitals_in_Alaska" title="List of hospitals in Alaska">Alaska</a></li>
<li><a href="/wiki/List_of_hospitals_in_Arizona" title="List of hospitals in Arizona">Arizona</a></li>
<li><a href="/wiki/List_of_hospitals_in_Arkansas" title="List of hospitals in Arkansas">Arkansas</a></li>
<li><a href="/wiki/List_of_hospitals_in_California" title="List of hospitals in California">California</a></li>
<li><a href="/wiki/List_of_hospitals_in_Colorado" title="List of hospitals in Colorado">Colorado</a></li>
<li><a href="/wiki/List_of_hospitals_in_Connecticut" title="List of hospitals in Connecticut">Connecticut</a></li>
<li><a href="/wiki/List_of_hospitals_in_Delaware" title="List of hospitals in Delaware">Delaware</a></li>
<li><a href="/wiki/List_of_hospitals_in_Florida" title="List of hospitals in Florida">Florida</a></li>
<li><a href="/wiki/List_of_hospitals_in_Georgia_(U.S._state)" title="List of hospitals in Georgia (U.S. state)">Georgia</a></li>
<li><a href="/wiki/List_of_hospitals_in_Hawaii" title="List of hospitals in Hawaii">Hawaii</a></li>
<li><a href="/wiki/List_of_hospitals_in_Idaho" title="List of hospitals in Idaho">Idaho</a></li>
<li><a href="/wiki/List_of_hospitals_in_Illinois" title="List of hospitals in Illinois">Illinois</a></li>
<li><a href="/wiki/List_of_hospitals_in_Indiana" title="List of hospitals in Indiana">Indiana</a></li>
<li><a href="/wiki/List_of_hospitals_in_Iowa" title="List of hospitals in Iowa">Iowa</a></li>
<li><a href="/wiki/List_of_hospitals_in_Kansas" title="List of hospitals in Kansas">Kansas</a></li>
<li><a href="/wiki/List_of_hospitals_in_Kentucky" title="List of hospitals in Kentucky">Kentucky</a></li>
<li><a href="/wiki/List_of_hospitals_in_Louisiana" title="List of hospitals in Louisiana">Louisiana</a></li>
<li><a href="/wiki/List_of_hospitals_in_Maine" title="List of hospitals in Maine">Maine</a></li>
<li><a href="/wiki/List_of_hospitals_in_Maryland" title="List of hospitals in Maryland">Maryland</a></li>
<li><a href="/wiki/List_of_hospitals_in_Massachusetts" title="List of hospitals in Massachusetts">Massachusetts</a></li>
<li><a href="/wiki/List_of_hospitals_in_Michigan" title="List of hospitals in Michigan">Michigan</a></li>
<li><a href="/wiki/List_of_hospitals_in_Minnesota" title="List of hospitals in Minnesota">Minnesota</a></li>
<li><a href="/wiki/List_of_hospitals_in_Mississippi" title="List of hospitals in Mississippi">Mississippi</a></li>
<li><a href="/wiki/List_of_hospitals_in_Missouri" title="List of hospitals in Missouri">Missouri</a></li>
<li><a href="/wiki/List_of_hospitals_in_Montana" title="List of hospitals in Montana">Montana</a></li>
<li><a href="/wiki/List_of_hospitals_in_Nebraska" title="List of hospitals in Nebraska">Nebraska</a></li>
<li><a href="/wiki/List_of_hospitals_in_Nevada" title="List of hospitals in Nevada">Nevada</a></li>
<li><a href="/wiki/List_of_hospitals_in_New_Hampshire" title="List of hospitals in New Hampshire">New Hampshire</a></li>
<li><a href="/wiki/List_of_hospitals_in_New_Jersey" title="List of hospitals in New Jersey">New Jersey</a></li>
<li><a href="/wiki/List_of_hospitals_in_New_Mexico" title="List of hospitals in New Mexico">New Mexico</a></li>
<li><strong class="selflink">New York</strong></li>
<li><a href="/wiki/List_of_hospitals_in_North_Carolina" title="List of hospitals in North Carolina">North Carolina</a></li>
<li><a href="/wiki/List_of_hospitals_in_North_Dakota" title="List of hospitals in North Dakota">North Dakota</a></li>
<li><a href="/wiki/List_of_hospitals_in_Ohio" title="List of hospitals in Ohio">Ohio</a></li>
<li><a href="/wiki/List_of_hospitals_in_Oklahoma" title="List of hospitals in Oklahoma">Oklahoma</a></li>
<li><a href="/wiki/List_of_hospitals_in_Oregon" title="List of hospitals in Oregon">Oregon</a></li>
<li><a href="/wiki/List_of_hospitals_in_Pennsylvania" title="List of hospitals in Pennsylvania">Pennsylvania</a></li>
<li><a href="/wiki/List_of_hospitals_in_Rhode_Island" title="List of hospitals in Rhode Island">Rhode Island</a></li>
<li><a href="/wiki/List_of_hospitals_in_South_Carolina" title="List of hospitals in South Carolina">South Carolina</a></li>
<li><a href="/wiki/List_of_hospitals_in_South_Dakota" title="List of hospitals in South Dakota">South Dakota</a></li>
<li><a href="/wiki/List_of_hospitals_in_Tennessee" title="List of hospitals in Tennessee">Tennessee</a></li>
<li><a href="/wiki/List_of_hospitals_in_Texas" title="List of hospitals in Texas">Texas</a></li>
<li><a href="/wiki/List_of_hospitals_in_Utah" title="List of hospitals in Utah">Utah</a></li>
<li><a href="/wiki/List_of_hospitals_in_Vermont" title="List of hospitals in Vermont">Vermont</a></li>
<li><a href="/wiki/List_of_hospitals_in_Virginia" title="List of hospitals in Virginia">Virginia</a></li>
<li><a href="/wiki/List_of_hospitals_in_Washington" class="mw-redirect" title="List of hospitals in Washington">Washington</a></li>
<li><a href="/wiki/List_of_hospitals_in_West_Virginia" title="List of hospitals in West Virginia">West Virginia</a></li>
<li><a href="/wiki/List_of_hospitals_in_Wisconsin" title="List of hospitals in Wisconsin">Wisconsin</a></li>
<li><a href="/wiki/List_of_hospitals_in_Wyoming" title="List of hospitals in Wyoming">Wyoming</a></li>
</ul>
</div>
</td>
</tr>
<tr style="height:2px">
<td colspan="2"></td>
</tr>
<tr>
<th scope="row" class="navbox-group" style="text-align:right; vertical-align:top;"><a href="/wiki/Federal_district" title="Federal district">Federal district</a></th>
<td class="navbox-list navbox-even" style="text-align:left;border-left-width:2px;border-left-style:solid;width:100%;padding:0px">
<div style="padding:0em 0.25em"><a href="/wiki/List_of_hospitals_in_Washington,_D.C." title="List of hospitals in Washington, D.C.">Washington, D.C.</a></div>
</td>
</tr>
</table>
</div>


<!-- Saved in parser cache with key enwiki:pcache:idhash:3479985-0!*!0!!en!4!* and timestamp 20161024213205 and revision id 743815929
 -->
<script>(window.RLQ=window.RLQ||[]).push(function(){mw.log.warn("Gadget \"teahouse\" styles loaded twice. Migrate to type=general. See \u003Chttps://phabricator.wikimedia.org/T42284\u003E.");mw.log.warn("Gadget \"ReferenceTooltips\" styles loaded twice. Migrate to type=general. See \u003Chttps://phabricator.wikimedia.org/T42284\u003E.");mw.log.warn("Gadget \"featured-articles-links\" styles loaded twice. Migrate to type=general. See \u003Chttps://phabricator.wikimedia.org/T42284\u003E.");});</script><noscript><img src="//en.wikipedia.org/wiki/Special:CentralAutoLogin/start?type=1x1" alt="" title="" width="1" height="1" style="border: none; position: absolute;" /></noscript></div>					<div class="printfooter">
						Retrieved from "<a dir="ltr" href="https://en.wikipedia.org/w/index.php?title=List_of_hospitals_in_New_York&amp;oldid=743815929">https://en.wikipedia.org/w/index.php?title=List_of_hospitals_in_New_York&amp;oldid=743815929</a>"					</div>
				<div id="catlinks" class="catlinks" data-mw="interface"><div id="mw-normal-catlinks" class="mw-normal-catlinks"><a href="/wiki/Help:Category" title="Help:Category">Categories</a>: <ul><li><a href="/wiki/Category:Hospitals_in_New_York" title="Category:Hospitals in New York">Hospitals in New York</a></li><li><a href="/wiki/Category:Lists_of_hospitals_in_the_United_States" title="Category:Lists of hospitals in the United States">Lists of hospitals in the United States</a></li><li><a href="/wiki/Category:Lists_of_buildings_and_structures_in_New_York" title="Category:Lists of buildings and structures in New York">Lists of buildings and structures in New York</a></li></ul></div><div id="mw-hidden-catlinks" class="mw-hidden-catlinks mw-hidden-cats-hidden">Hidden categories: <ul><li><a href="/wiki/Category:Articles_needing_additional_references_from_February_2014" title="Category:Articles needing additional references from February 2014">Articles needing additional references from February 2014</a></li><li><a href="/wiki/Category:All_articles_needing_additional_references" title="Category:All articles needing additional references">All articles needing additional references</a></li><li><a href="/wiki/Category:Commons_category_with_local_link_same_as_on_Wikidata" title="Category:Commons category with local link same as on Wikidata">Commons category with local link same as on Wikidata</a></li></ul></div></div>				<div class="visualClear"></div>
							</div>
		</div>
		<div id="mw-navigation">
			<h2>Navigation menu</h2>

			<div id="mw-head">
									<div id="p-personal" role="navigation" class="" aria-labelledby="p-personal-label">
						<h3 id="p-personal-label">Personal tools</h3>
						<ul>
							<li id="pt-anonuserpage">Not logged in</li><li id="pt-anontalk"><a href="/wiki/Special:MyTalk" title="Discussion about edits from this IP address [n]" accesskey="n">Talk</a></li><li id="pt-anoncontribs"><a href="/wiki/Special:MyContributions" title="A list of edits made from this IP address [y]" accesskey="y">Contributions</a></li><li id="pt-createaccount"><a href="/w/index.php?title=Special:CreateAccount&amp;returnto=List+of+hospitals+in+New+York" title="You are encouraged to create an account and log in; however, it is not mandatory">Create account</a></li><li id="pt-login"><a href="/w/index.php?title=Special:UserLogin&amp;returnto=List+of+hospitals+in+New+York" title="You're encouraged to log in; however, it's not mandatory. [o]" accesskey="o">Log in</a></li>						</ul>
					</div>
									<div id="left-navigation">
										<div id="p-namespaces" role="navigation" class="vectorTabs" aria-labelledby="p-namespaces-label">
						<h3 id="p-namespaces-label">Namespaces</h3>
						<ul>
															<li  id="ca-nstab-main" class="selected"><span><a href="/wiki/List_of_hospitals_in_New_York"  title="View the content page [c]" accesskey="c">Article</a></span></li>
															<li  id="ca-talk"><span><a href="/wiki/Talk:List_of_hospitals_in_New_York"  title="Discussion about the content page [t]" accesskey="t" rel="discussion">Talk</a></span></li>
													</ul>
					</div>
										<div id="p-variants" role="navigation" class="vectorMenu emptyPortlet" aria-labelledby="p-variants-label">
												<h3 id="p-variants-label">
							<span>Variants</span><a href="#"></a>
						</h3>

						<div class="menu">
							<ul>
															</ul>
						</div>
					</div>
									</div>
				<div id="right-navigation">
										<div id="p-views" role="navigation" class="vectorTabs" aria-labelledby="p-views-label">
						<h3 id="p-views-label">Views</h3>
						<ul>
															<li id="ca-view" class="selected"><span><a href="/wiki/List_of_hospitals_in_New_York" >Read</a></span></li>
															<li id="ca-edit"><span><a href="/w/index.php?title=List_of_hospitals_in_New_York&amp;action=edit"  title="Edit this page [e]" accesskey="e">Edit</a></span></li>
															<li id="ca-history" class="collapsible"><span><a href="/w/index.php?title=List_of_hospitals_in_New_York&amp;action=history"  title="Past revisions of this page [h]" accesskey="h">View history</a></span></li>
													</ul>
					</div>
										<div id="p-cactions" role="navigation" class="vectorMenu emptyPortlet" aria-labelledby="p-cactions-label">
						<h3 id="p-cactions-label"><span>More</span><a href="#"></a></h3>

						<div class="menu">
							<ul>
															</ul>
						</div>
					</div>
										<div id="p-search" role="search">
						<h3>
							<label for="searchInput">Search</label>
						</h3>

						<form action="/w/index.php" id="searchform">
							<div id="simpleSearch">
							<input type="search" name="search" placeholder="Search Wikipedia" title="Search Wikipedia [f]" accesskey="f" id="searchInput"/><input type="hidden" value="Special:Search" name="title"/><input type="submit" name="fulltext" value="Search" title="Search Wikipedia for this text" id="mw-searchButton" class="searchButton mw-fallbackSearchButton"/><input type="submit" name="go" value="Go" title="Go to a page with this exact name if it exists" id="searchButton" class="searchButton"/>							</div>
						</form>
					</div>
									</div>
			</div>
			<div id="mw-panel">
				<div id="p-logo" role="banner"><a class="mw-wiki-logo" href="/wiki/Main_Page"  title="Visit the main page"></a></div>
						<div class="portal" role="navigation" id='p-navigation' aria-labelledby='p-navigation-label'>
			<h3 id='p-navigation-label'>Navigation</h3>

			<div class="body">
									<ul>
						<li id="n-mainpage-description"><a href="/wiki/Main_Page" title="Visit the main page [z]" accesskey="z">Main page</a></li><li id="n-contents"><a href="/wiki/Portal:Contents" title="Guides to browsing Wikipedia">Contents</a></li><li id="n-featuredcontent"><a href="/wiki/Portal:Featured_content" title="Featured content  the best of Wikipedia">Featured content</a></li><li id="n-currentevents"><a href="/wiki/Portal:Current_events" title="Find background information on current events">Current events</a></li><li id="n-randompage"><a href="/wiki/Special:Random" title="Load a random article [x]" accesskey="x">Random article</a></li><li id="n-sitesupport"><a href="https://donate.wikimedia.org/wiki/Special:FundraiserRedirector?utm_source=donate&amp;utm_medium=sidebar&amp;utm_campaign=C13_en.wikipedia.org&amp;uselang=en" title="Support us">Donate to Wikipedia</a></li><li id="n-shoplink"><a href="//shop.wikimedia.org" title="Visit the Wikipedia store">Wikipedia store</a></li>					</ul>
							</div>
		</div>
			<div class="portal" role="navigation" id='p-interaction' aria-labelledby='p-interaction-label'>
			<h3 id='p-interaction-label'>Interaction</h3>

			<div class="body">
									<ul>
						<li id="n-help"><a href="/wiki/Help:Contents" title="Guidance on how to use and edit Wikipedia">Help</a></li><li id="n-aboutsite"><a href="/wiki/Wikipedia:About" title="Find out about Wikipedia">About Wikipedia</a></li><li id="n-portal"><a href="/wiki/Wikipedia:Community_portal" title="About the project, what you can do, where to find things">Community portal</a></li><li id="n-recentchanges"><a href="/wiki/Special:RecentChanges" title="A list of recent changes in the wiki [r]" accesskey="r">Recent changes</a></li><li id="n-contactpage"><a href="//en.wikipedia.org/wiki/Wikipedia:Contact_us" title="How to contact Wikipedia">Contact page</a></li>					</ul>
							</div>
		</div>
			<div class="portal" role="navigation" id='p-tb' aria-labelledby='p-tb-label'>
			<h3 id='p-tb-label'>Tools</h3>

			<div class="body">
									<ul>
						<li id="t-whatlinkshere"><a href="/wiki/Special:WhatLinksHere/List_of_hospitals_in_New_York" title="List of all English Wikipedia pages containing links to this page [j]" accesskey="j">What links here</a></li><li id="t-recentchangeslinked"><a href="/wiki/Special:RecentChangesLinked/List_of_hospitals_in_New_York" rel="nofollow" title="Recent changes in pages linked from this page [k]" accesskey="k">Related changes</a></li><li id="t-upload"><a href="/wiki/Wikipedia:File_Upload_Wizard" title="Upload files [u]" accesskey="u">Upload file</a></li><li id="t-specialpages"><a href="/wiki/Special:SpecialPages" title="A list of all special pages [q]" accesskey="q">Special pages</a></li><li id="t-permalink"><a href="/w/index.php?title=List_of_hospitals_in_New_York&amp;oldid=743815929" title="Permanent link to this revision of the page">Permanent link</a></li><li id="t-info"><a href="/w/index.php?title=List_of_hospitals_in_New_York&amp;action=info" title="More information about this page">Page information</a></li><li id="t-wikibase"><a href="https://www.wikidata.org/wiki/Q6623648" title="Link to connected data repository item [g]" accesskey="g">Wikidata item</a></li><li id="t-cite"><a href="/w/index.php?title=Special:CiteThisPage&amp;page=List_of_hospitals_in_New_York&amp;id=743815929" title="Information on how to cite this page">Cite this page</a></li>					</ul>
							</div>
		</div>
			<div class="portal" role="navigation" id='p-coll-print_export' aria-labelledby='p-coll-print_export-label'>
			<h3 id='p-coll-print_export-label'>Print/export</h3>

			<div class="body">
									<ul>
						<li id="coll-create_a_book"><a href="/w/index.php?title=Special:Book&amp;bookcmd=book_creator&amp;referer=List+of+hospitals+in+New+York">Create a book</a></li><li id="coll-download-as-rdf2latex"><a href="/w/index.php?title=Special:Book&amp;bookcmd=render_article&amp;arttitle=List+of+hospitals+in+New+York&amp;returnto=List+of+hospitals+in+New+York&amp;oldid=743815929&amp;writer=rdf2latex">Download as PDF</a></li><li id="t-print"><a href="/w/index.php?title=List_of_hospitals_in_New_York&amp;printable=yes" title="Printable version of this page [p]" accesskey="p">Printable version</a></li>					</ul>
							</div>
		</div>
			<div class="portal" role="navigation" id='p-wikibase-otherprojects' aria-labelledby='p-wikibase-otherprojects-label'>
			<h3 id='p-wikibase-otherprojects-label'>In other projects</h3>

			<div class="body">
									<ul>
						<li class="wb-otherproject-link wb-otherproject-commons"><a href="https://commons.wikimedia.org/wiki/Category:Hospitals_in_New_York" hreflang="en">Wikimedia Commons</a></li>					</ul>
							</div>
		</div>
			<div class="portal" role="navigation" id='p-lang' aria-labelledby='p-lang-label'>
			<h3 id='p-lang-label'>Languages</h3>

			<div class="body">
									<ul>
						<li class="uls-p-lang-dummy"><a href="#"></a></li>					</ul>
				<div class='after-portlet after-portlet-lang'><span class="wb-langlinks-add wb-langlinks-link"><a href="https://www.wikidata.org/wiki/Q6623648#sitelinks-wikipedia" title="Add interlanguage links" class="wbc-editpage">Add links</a></span></div>			</div>
		</div>
				</div>
		</div>
		<div id="footer" role="contentinfo">
							<ul id="footer-info">
											<li id="footer-info-lastmod"> This page was last modified on 11 October 2016, at 12:21.</li>
											<li id="footer-info-copyright">Text is available under the <a rel="license" href="//en.wikipedia.org/wiki/Wikipedia:Text_of_Creative_Commons_Attribution-ShareAlike_3.0_Unported_License">Creative Commons Attribution-ShareAlike License</a><a rel="license" href="//creativecommons.org/licenses/by-sa/3.0/" style="display:none;"></a>;
additional terms may apply.  By using this site, you agree to the <a href="//wikimediafoundation.org/wiki/Terms_of_Use">Terms of Use</a> and <a href="//wikimediafoundation.org/wiki/Privacy_policy">Privacy Policy</a>. Wikipedia is a registered trademark of the <a href="//www.wikimediafoundation.org/">Wikimedia Foundation, Inc.</a>, a non-profit organization.</li>
									</ul>
							<ul id="footer-places">
											<li id="footer-places-privacy"><a href="https://wikimediafoundation.org/wiki/Privacy_policy" class="extiw" title="wmf:Privacy policy">Privacy policy</a></li>
											<li id="footer-places-about"><a href="/wiki/Wikipedia:About" title="Wikipedia:About">About Wikipedia</a></li>
											<li id="footer-places-disclaimer"><a href="/wiki/Wikipedia:General_disclaimer" title="Wikipedia:General disclaimer">Disclaimers</a></li>
											<li id="footer-places-contact"><a href="//en.wikipedia.org/wiki/Wikipedia:Contact_us">Contact Wikipedia</a></li>
											<li id="footer-places-developers"><a href="https://www.mediawiki.org/wiki/Special:MyLanguage/How_to_contribute">Developers</a></li>
											<li id="footer-places-cookiestatement"><a href="https://wikimediafoundation.org/wiki/Cookie_statement">Cookie statement</a></li>
											<li id="footer-places-mobileview"><a href="//en.m.wikipedia.org/w/index.php?title=List_of_hospitals_in_New_York&amp;mobileaction=toggle_view_mobile" class="noprint stopMobileRedirectToggle">Mobile view</a></li>
									</ul>
										<ul id="footer-icons" class="noprint">
											<li id="footer-copyrightico">
							<a href="https://wikimediafoundation.org/"><img src="/static/images/wikimedia-button.png" srcset="/static/images/wikimedia-button-1.5x.png 1.5x, /static/images/wikimedia-button-2x.png 2x" width="88" height="31" alt="Wikimedia Foundation"/></a>						</li>
											<li id="footer-poweredbyico">
							<a href="//www.mediawiki.org/"><img src="/static/images/poweredby_mediawiki_88x31.png" alt="Powered by MediaWiki" srcset="/static/images/poweredby_mediawiki_132x47.png 1.5x, /static/images/poweredby_mediawiki_176x62.png 2x" width="88" height="31"/></a>						</li>
									</ul>
						<div style="clear:both"></div>
		</div>
		<script>(window.RLQ=window.RLQ||[]).push(function(){mw.loader.load(["ext.cite.a11y","mediawiki.toc","mediawiki.action.view.postEdit","site","mediawiki.user","mediawiki.hidpi","mediawiki.page.ready","mediawiki.searchSuggest","ext.gadget.teahouse","ext.gadget.ReferenceTooltips","ext.gadget.watchlist-notice","ext.gadget.DRN-wizard","ext.gadget.charinsert","ext.gadget.refToolbar","ext.gadget.extra-toolbar-buttons","ext.gadget.switcher","ext.gadget.featured-articles-links","mmv.bootstrap.autostart","ext.visualEditor.targetLoader","ext.eventLogging.subscriber","ext.wikimediaEvents","ext.navigationTiming","ext.uls.eventlogger","ext.uls.init","ext.centralNotice.geoIP","ext.centralNotice.startUp"]);});</script>
<script>(window.RLQ=window.RLQ||[]).push(function(){mw.config.set( {
    "wgPageParseReport": {
        "limitreport": {
            "cputime": "0.088",
            "walltime": "0.137",
            "ppvisitednodes": {
                "value": 739,
                "limit": 1000000
            },
            "ppgeneratednodes": {
                "value": 0,
                "limit": 1500000
            },
            "postexpandincludesize": {
                "value": 23135,
                "limit": 2097152
            },
            "templateargumentsize": {
                "value": 1596,
                "limit": 2097152
            },
            "expansiondepth": {
                "value": 9,
                "limit": 40
            },
            "expensivefunctioncount": {
                "value": 1,
                "limit": 500
            },
            "entityaccesscount": {
                "value": 1,
                "limit": 400
            },
            "timingprofile": [
                "100.00%   85.140      1 -total",
                " 41.52%   35.349      1 Template:Commons_category",
                " 37.73%   32.126      1 Template:Refimprove",
                " 24.45%   20.816      1 Template:Ambox",
                " 16.48%   14.032      1 Template:Hospitals_in_the_United_States",
                " 15.12%   12.874      1 Template:United_States_topic",
                "  8.45%    7.194      1 Template:Navbox",
                "  7.49%    6.375      1 Template:Commons",
                "  6.19%    5.270      1 Template:Sister_project",
                "  3.86%    3.285      1 Template:Side_box"
            ]
        },
        "scribunto": {
            "limitreport-timeusage": {
                "value": "0.016",
                "limit": "10.000"
            },
            "limitreport-memusage": {
                "value": 1132266,
                "limit": 52428800
            }
        },
        "cachereport": {
            "origin": "mw1267",
            "timestamp": "20161024213205",
            "ttl": 2592000,
            "transientcontent": false
        }
    }
} );});</script><script>(window.RLQ=window.RLQ||[]).push(function(){mw.config.set({"wgBackendResponseTime":50,"wgHostname":"mw1248"});});</script>
	</body>
</html>
